PM10,NO2,SO2,VOCs,CO,CO2,CH4,Temperature
57.92603548243223,55.23029856408026,4.531693250553328,75.3172608610164,2.789606407753696,427.6743472915291,1.7061051228130095,31.08512008717193
150.77429935229196,79.05161837557196,18.74478015957112,145.0839865051569,1.966569214791779,529.739619160944,2.4926634467517803,33.71110263424487
138.94879642093278,60.46660389588041,14.892239026622011,145.14733840807438,2.6264458373102597,499.8894427535975,2.431164863850413,33.77869782651225
63.64390026387277,15.333286392543124,7.647428676148483,130.0223192987382,1.7793595765326888,388.2837116477358,1.818562683970521,31.565877179291835
113.97792608821422,59.20233687407937,17.696806145201062,181.71366678656747,3.2405328026979228,464.7391968927453,2.5972251908184383,32.22983543916737
39.49826791670553,30.9327933142007,5.952085174853943,106.07322536797167,2.105793506163008,425.97044646179074,1.6207329633741396,29.77602435898612
102.03584121088645,74.44842076493455,14.81085061742259,147.72588764915443,3.6810744736290513,515.9119092779189,2.948630275865042,33.67636250398664
118.78271825050508,85.63737426009132,24.51766245312921,150.5700099318645,2.6259084824285464,470.09892258371326,2.263222501390624,34.48742256754245
76.49662079664043,19.46314735753081,7.789485731997641,76.11633888205739,1.3340941462378133,376.0125911839414,1.931183891737736,30.252357656768265
78.29720107756529,9.904636073159647,8.254024478743597,68.76390693000184,2.278046245794714,388.4666354248386,1.818602554919024,25.54793753463151
73.1424006309731,14.627770421169163,4.1624575694019175,99.33715311376956,1.5240920839764105,414.6324211248528,1.961527807043776,28.90464202700084
30.90133172095135,41.68659387193294,2.356246098733122,66.63506601735176,1.931354498160365,434.01321564693626,1.7909194689426329,30.433873452324686
138.46325216683906,83.10384123453069,20.045721728700688,139.0338210950237,3.454360712840374,475.5425292664939,2.66090080971462,31.170618137477444
138.52912717240645,80.15779098373149,29.3615955866036,161.89121820193327,2.562068593336948,489.55077040934833,2.503910169929965,33.75553918394618
67.5239454801926,41.8062297374022,6.92962116465687,58.70337694273988,2.0543558998136926,421.0576364702776,1.9841333431426145,29.546555088901275
57.14167447552538,17.36916460455894,5.617393005594703,116.41384021584574,1.1101273319090714,397.8708460374245,2.231719115801481,25.537953044944867
142.098564369003,115.9164282156739,13.407149196209437,171.6116172611459,3.221123635006621,501.1856256810639,2.7731536655484,32.94054928462522
71.68777774273504,14.827351719525955,6.073968747867747,124.42950002032684,1.5167920257880092,388.62728182902185,1.975173522223668,30.22102245384321
108.06205336874496,43.7639584874258,13.292982510269178,101.3491613716955,2.1965960190225,527.7920565629319,2.2434278443360567,30.945876482128806
88.96843693662825,10.310874800424386,9.03007053441732,112.8446487728052,1.7060190745224193,428.5273149065472,2.114178102138633,31.4066969205418
135.17938440986535,66.44772089889986,17.573182260854484,152.45622418158968,4.6202609966714565,462.654696148165,2.705878057112354,29.774568257620697
66.39038800251004,47.76823004425603,4.904712577685912,90.3738891543556,1.804299093959084,424.3802259742167,2.1327539578896504,28.521527137089784
128.84148033733462,60.5714537878644,17.777506278904088,99.92602922728403,2.4597266455702718,533.2260346121631,2.39972587265489,32.36430618697883
68.66845702648251,42.26848821980786,8.310923250757842,70.74149155872703,2.0432829072612773,414.0711726753965,1.6639991331764117,29.473188310265453
83.94341296172806,14.702373219691,1.5174653198618548,74.39030896664275,1.3989727394427358,377.5221681803515,2.326482260786327,23.7095758661181
83.60683507224974,17.069374186254038,9.135536735515249,103.70454328447872,1.968974312956897,395.3140001096033,2.1498211353928647,33.426870487060484
142.72484634238526,85.90957868232115,16.655125863416576,123.95747323786536,2.6184736692570363,474.6523539697533,2.5330898735900265,32.13994922830017
110.70940502710064,64.6676703862546,24.76005546923347,193.57650742387116,3.2534097383597294,511.6262826807145,2.311089742820466,34.75350929990465
130.55920854052948,61.784147755610064,25.218378226843747,156.8693561456562,1.9261544169107505,507.26139206674617,2.843311460642405,34.71572931757693
138.6186816794816,84.23714481671497,18.803876010651223,175.61924133203567,2.8102716763980204,487.73810634183246,3.0736952919519918,35.13045416509384
108.57769338604996,16.246572708109777,8.64903663274911,141.88233124170551,1.8555937177108608,394.9606423322588,2.011114431388793,28.18069876446728
63.48074906036455,25.925362256234447,3.563111557495128,75.73105696576306,2.155453782799002,434.7535621694955,1.971531924640404,29.680122940073147
64.80414449943751,10.863845282238383,9.038693028482344,138.31847282506445,1.4564959406172568,394.0171172209894,2.1380287983422224,26.796338584342493
131.9818665165828,74.2776298697448,17.640401293549296,156.51619433679193,2.6696857331174915,488.8763770839602,2.2308291005916083,36.05165991450166
65.77272999539247,12.544182356252714,5.581755220878028,139.7286033050638,1.1972375637953616,381.2492117713188,1.7348779448994824,25.686383615254854
41.18900183750259,18.398298345817093,7.754422501684971,116.22233103133874,1.8121100657680007,391.51079962152727,1.753653846498035,28.568754760481767
69.75199680519054,11.611069535033078,10.307063744015736,90.62473429075465,1.2223416185970024,391.0986007304325,2.068491383601503,33.734588819528284
64.68687721646921,24.008765274625176,2.2628197689162857,90.7098361995041,2.530223407055234,435.4137099691818,1.6344213842168571,29.392271129138145
118.16867878700326,61.460108041768336,22.06856399976037,190.26265512917743,1.1738483932209371,486.8982943235184,2.6781226527523634,35.42563014736537
33.618907703653285,19.607678222398995,4.461186331110884,94.35084511591924,2.751178526048014,420.7409478041977,2.1257231091142583,27.239797083570217
95.5541135957874,17.930528023617,4.953678259056479,130.14788018106464,1.6502352271966585,376.2841062027688,2.097018822322655,21.812422978264756
78.7781189486193,13.546538459844784,12.110185217242943,92.01599981165856,1.3213266117237332,385.243286520314,1.8369001853423024,26.32292352029843
130.2588250158299,52.59512462096041,19.79186982856538,122.9965302577826,3.0857538488376632,539.4692178320512,2.386282706145304,30.880841707566702
135.1501542009461,61.3627263903298,18.62474151424178,80.94236505793245,1.9393662564610132,527.3374853488905,2.993490314050385,32.50192792088724
55.87878591136055,18.25532528335152,5.66046313234982,58.52271029030858,1.6174664094437865,385.1123017654447,2.0519842938271458,24.126891787305656
112.98421509654264,83.65846183556621,25.276654982732072,169.60902784005972,2.388218116360433,499.9340815934529,3.2122988210477166,35.029065385374594
57.968764570541175,8.45175354994051,4.172444839463287,123.53211445151187,1.511076372646485,391.2736547853716,1.9277154321146048,27.284519897847822
62.557877701281406,12.27415400334078,2.994480956675569,117.1160550388792,1.656101307593257,389.1509116750417,2.047464876951949,28.820732209415883
135.0277424674358,78.15040288569902,16.686881205270765,167.1179600577948,2.4657185904202383,463.9023579867096,2.011737268635051,33.09616989332277
62.07761943582664,40.107981648097,6.76385982076648,46.30255722064521,1.6260150050867548,398.6119968519069,2.1994016313685893,33.96798425536987
83.68451970343648,18.85819074650668,6.553321835097532,160.8462019600604,0.7919027246632431,379.67370930965706,2.033945856878075,28.26818175743695
76.35683721800798,18.48175563326244,9.032249457155382,111.88734103622936,1.270498479876734,383.19255725429446,2.1484729832518235,28.73036953209966
111.83849253956896,54.87870533623894,10.646040394870722,139.45459547876075,3.0128928654326863,533.5287462455057,2.598078212129249,32.561798942382275
83.8755734899654,20.718770216034645,8.676992814988829,89.61780215247997,1.753112746442514,412.706928578044,2.036373251011699,28.744661758901007
82.97391488453039,12.873393829190777,7.896482030589398,146.0235767484302,1.3374901082440862,392.60528987074014,1.551039418458538,30.027426190132243
123.64481209313308,64.21692640048133,26.652192816345416,209.9795161874941,3.502668983776178,531.3518884175794,2.146664337552294,31.639476825612185
117.58428850117392,15.234577174751294,11.564327237072158,114.7568654765447,1.5867444147931753,394.4211666531347,2.0500487865147297,24.58073671552988
61.50143163869547,47.81073267616453,10.077382203474972,90.47905334215588,1.7059565868427236,418.6659914210846,2.014199293441051,28.834398797174003
28.226727268393653,18.140700067403348,10.540251093151433,79.53814457394022,0.8988939929477585,387.3926483510818,1.7749161984506223,27.55288999981141
116.85572213271098,42.3264213955586,14.914039147273048,165.50007925944368,2.4406226004223144,496.7092868390061,2.5002097352671524,33.316511961906734
81.77492640211952,86.93333114570362,31.282420077137708,132.79244524979717,3.760273868738759,492.1083536352681,2.004779284165432,34.40188452289215
120.32858875003498,14.91038213219073,7.402724416402964,82.10475327828456,1.5438930556751171,388.1606384459102,2.102759082716122,27.11690001694508
88.43715847202903,16.70494176138567,8.051142672818868,64.72873673985544,0.816598688172597,400.1034500294158,2.192558138070139,28.51767528890308
54.37768788675604,44.4426331148604,4.278067668361841,103.18659606728497,1.4594683362000511,426.15935606944265,1.9186202515936768,29.38090712137202
67.00173825397293,49.58253826152571,5.454522818269136,94.95960868123832,2.502551081149828,414.9256271409202,1.7341338003360396,29.806347925213178
30.942201633264546,12.275388825205455,9.94364538034547,99.22604373408566,1.3657139708453716,403.4604420746472,2.4310479076866147,30.01677185324132
103.3713767916138,20.75712687232366,8.24129445198959,132.8022987437411,1.4967053731751687,403.5915762721056,1.970260715177556,25.96227424985968
139.65381967891028,85.21555097527195,10.795628843341774,111.61269099792896,2.5626269956130248,500.5218210042167,2.655297706140737,31.548512373693068
144.15184340860523,76.48463096786155,22.705009363018146,153.98808555668072,3.363910558444988,497.6335315463802,2.4850574104520278,30.761770143946585
37.21230025520735,33.41231174218643,1.6208855478434598,99.7424440025742,1.8239135082002047,422.4252042561252,1.835969083745612,29.33029545524777
111.99237279633364,77.98892664055826,14.561095323691193,177.8844752203431,1.765993149790272,522.8827040523283,2.1041956332587786,32.54750956198265
79.29222682659665,49.30253345953541,5.079483391820855,80.22696957952438,2.133525192674227,427.344528074503,1.7433369368334777,30.244107869006008
124.15375374326224,50.84877136269536,14.594717297958688,181.5945855999871,2.972311392300341,513.6300139474525,2.508495512839138,33.05951227899149
53.06587066942436,36.9082787653136,5.444267543267426,70.42502756673045,2.6278780627867606,411.05392697780496,1.7626256711677282,29.12053788345165
72.54091576739285,47.29542766635814,4.563792203252114,99.91715057436988,2.1280807292169124,419.80118389711134,1.9281807698818476,29.656173257856484
106.33136419739752,32.73082631371278,24.59913755073832,159.41585890410403,1.82272577240674,464.828020000117,2.2382108117886967,34.587315883960706
53.21507751548249,56.13969820727444,5.920150020599293,75.0053743434973,1.5232704145140494,417.24876013652926,1.9126157747945145,26.93494531616536
133.49638984333208,75.73614619276076,20.83226104106528,164.77353792024448,3.2024180507354725,549.1060027982179,2.308678004724605,31.938006089996364
77.91272943826603,25.00163088676456,6.262892587067876,129.07684348291417,2.054334415533676,402.9123236082042,1.8339305778941704,29.99397479363232
105.92759874147109,84.06757452349966,15.799449607083307,154.94093482311422,2.746225482430446,511.6760075231258,2.663049730836802,35.16721930781094
94.85319399142313,55.7397431289201,15.795456009760724,149.7516577634985,3.4863327215925777,478.7834640833181,1.4557573513719748,31.259553515712977
84.76868388888207,15.662830339823929,8.314723002580592,143.28301449772945,1.3486828465851883,395.4677935416524,1.9467524935677083,27.19409182483809
77.5394338566851,46.48709887589643,4.665763839366291,82.93427372866645,2.603254483254178,411.8306432901276,1.8737346617745805,29.21332237534528
120.92873096312296,81.19380349040831,23.227420905705376,214.8976416991638,2.7845552355328995,504.3830065532788,2.574815105113226,36.15490655952695
112.02215015492898,80.15155406075432,22.593198238067835,131.2587983051369,3.5263318326228887,519.5379815607413,2.291373511033007,32.91685980491495
52.11291919030565,19.64759759374496,6.464247214666144,101.60138000644328,1.149503224030623,415.9350712330374,1.5540261243518372,29.64451935702519
52.579449466233264,47.31145529257608,5.8616804886674965,84.86615328256731,1.828155826031108,435.4920947652631,1.576682839149231,27.657313980538056
95.98776287331869,20.58647915794064,8.685450692755408,111.4188304788446,1.7279069120928816,394.4770856001732,2.128544551973509,31.98745759039729
93.17450657963428,79.09247635917184,12.566146086498318,159.49278219147251,3.311258629966871,480.09289272151966,2.767221425132467,29.56441275247673
59.61916430423269,33.11840309899728,9.94455892454532,70.08267643985431,2.5117607612328303,409.06371053936607,1.8744262782186325,30.957744327863672
128.73427933780675,56.32308266872965,19.929814453284443,138.5045244604178,2.573353092727359,477.0701758480087,2.518750819974843,31.439051987349316
49.02184371554674,29.373672225838984,6.977765474618036,92.46619613309208,1.753268591817992,415.5501667862614,1.8551021124696507,28.40290936878764
127.15851457383538,80.22167620535929,17.102683629649647,182.6702994535432,3.0801733563508247,519.0029094199766,2.4406140620295007,35.63455645346237
95.7096208870146,93.51029502939112,18.50848252724277,214.9096949767421,1.9096920498967864,521.0872709677441,3.001456070621623,32.59193883803788
92.13405537917797,44.36323669674032,5.076006956336401,82.40062653436523,2.3067589863652085,409.772074348016,1.748524692515331,26.66283185224482
114.50505009651164,81.36183623975562,20.14298388359172,197.40697762052463,3.666605422726047,558.9242565332645,2.3771634265065384,33.15323221091692
51.40847363177211,41.79274604426684,6.065719785626918,54.923835324134856,2.6884017464394647,427.7701609575729,1.8803251010982944,28.628779437836386
95.9976085068222,16.892844340474582,7.785348008806847,81.60120201999925,1.4200240605638526,381.5247650691019,2.3084511892097,33.41349126508483
43.20495158060784,51.6082678737852,4.064597597376217,86.93007763461432,1.976539710560408,424.7704082722312,1.8153643782120512,27.43401555162286
42.822338639469294,41.15151799024584,3.515960516886043,53.9068920838515,2.702271687005438,403.9445659335892,1.900763139117911,25.692241510576853
93.37729307098834,16.89863093470062,7.346238440640697,86.22629713836432,1.5193540473143214,383.12456548660407,1.97381680544605,24.895135406403604
102.10873535172432,94.23937755008116,29.85834375230908,143.60593989998037,3.0474275009335137,508.00228949296434,2.544409527447906,29.65140455892274
51.28169331174044,9.73292218413172,6.7524620786083895,147.85078384666966,1.4237270396946613,392.1743287317972,2.174013546137751,29.48704566391781
60.69585646798389,17.535078822435956,8.39657875474373,93.50985443876314,1.572258185710176,397.5174027339357,2.1678369735432623,33.44611805448072
65.45715921763991,22.17590774595026,9.128805975786532,108.88876574185882,0.8260858420718151,380.6627774725978,2.2093840255300026,29.70985091602415
114.77200150089756,54.56988500306374,13.60988708281812,100.68777853235828,2.3803855507001064,531.0512363097928,2.034181879655189,32.3929280288456
57.397914282309856,22.669890604247836,3.5018085438881217,82.92519174122194,1.523656848908969,401.2611702601538,1.9091511449693477,27.940193814262567
42.27909025051798,23.657046643702326,7.044881904787621,36.28579035049314,2.427450189810355,429.7941090083406,2.063752923145439,30.17371832632361
125.62382847938753,69.06110308150717,16.23017705566662,141.57974769399678,1.8149302300632304,498.033207464105,2.2034226678547246,30.792821365568457
62.4521621875118,55.58679910088983,2.882721301205837,81.26330918614347,2.164657892575888,423.948257444077,1.6837529653834336,28.208981195709804
135.92417616905044,35.846309528505884,21.23748898418605,217.5136430344881,3.927688335726832,508.44026321413935,2.182182360859017,33.95510743225129
71.27063980613919,32.991683211339144,6.605803236291372,68.79103697020952,2.909786523349328,411.7180601873424,1.8478954923411797,28.435964726184785
108.27885796258752,86.39906358189894,13.440799359179156,154.32750068452174,2.255618848137503,485.19906164354455,2.6676222257835525,30.6201098932686
171.59418675308638,94.58675208166102,28.388504070382204,133.39235274876015,3.3982881554296926,532.5679324625708,2.3862616777037537,32.59283927979528
83.71431442354803,27.77762202924436,2.955129240908468,121.59891847381044,2.246691650205761,429.6540797443538,1.8392335091157457,28.79622557759753
91.76783924438834,27.665318987198944,6.3899958015537495,118.9308567502953,1.8697507190306384,437.2683384221876,1.819286743758698,28.63822543592184
82.49931374101668,9.0511922913395,10.498281283382235,92.4976509690654,1.4919924402622284,393.8361197078793,1.8173602188436777,27.153458262924254
62.12575370459857,43.93317839394372,5.384098232980064,73.81767071594997,2.066770452391141,418.47530163619456,1.941621735337718,31.913404633589167
46.03780683596,17.539956634562717,5.793266787652253,46.17773517618793,1.6554314418123857,414.9299951743279,1.9987858176920208,30.515472323354928
70.62914168231384,35.59035489949622,27.38073055360033,182.50754702226897,4.241948752896614,505.2053111673545,2.3915842698454486,32.09979773261955
102.03064036417923,69.86321505033695,25.42947782915789,164.24094698639857,2.9824811288783994,516.3553259840057,2.917062264705194,34.11562061270372
76.327863258866,-1.9421404132819653,7.783924600421499,98.28022883912804,1.3351710177264842,393.0169513494604,2.131503921499175,28.426152832973827
65.84739256248139,7.186726073669608,5.337540414571859,106.95822653050536,1.4683685009574594,375.1971590179253,2.1291835651587623,32.122928539537284
85.3802912823045,10.387836569942603,11.042344275529484,133.70700164815997,1.2067975746893436,382.5670999703504,1.881434412524102,26.478001673834363
70.1034771478005,29.4061445619086,5.760717060767832,36.523574875306046,1.341522212951571,419.25146614065153,1.8836413225509072,29.796368515940863
69.7265236821402,11.017799094702102,8.21769126041824,72.03421429502981,1.1023575067831228,389.69061002844376,1.6079683983412336,34.181675849848155
79.96899997206783,17.665070395755695,10.02380662365349,108.0263083333041,1.697838299328439,388.8334279016773,2.093009092203036,28.49995848569054
61.21759465337736,11.971425384983307,9.484190744018614,107.4823145101623,2.020696515759519,405.61511196726855,2.006400829813153,25.73974638896145
61.350642564799294,35.45179684111547,3.395014533576705,105.97622649694104,1.5095412785198512,406.7208192831272,1.936053075859096,32.31562968404802
62.82624012446143,32.82514813918918,5.059558526469248,63.04040244689332,2.087009278310302,422.4573398292136,1.6277232595286513,28.23907607035519
120.77183880454066,96.989073625285,23.729006255302014,167.80287519580827,2.402384425720561,507.1841880091568,2.6670462522325,32.57925968287791
77.40973851779917,64.46530832335117,21.57520244590808,145.0085001192503,2.9678834526133566,540.8596905070251,2.136262816345232,35.27097003272554
64.2386992573245,56.07345576019993,5.981949903276503,94.69755572099636,2.331440634333706,431.7347385748532,1.8362043117407412,27.406336104088307
64.50288243900292,33.17669370142506,2.60780553635124,79.2052219038765,1.513125176020962,402.27389871684176,1.9606891624731169,31.704333576503664
81.22387942422947,19.50114329457618,6.755243610018394,111.9522499156864,1.3998127844032358,389.80376514189527,2.165690903139021,25.21986069252345
116.0514092271592,86.16930842658637,23.796054999599164,167.51658883125938,4.081168202574665,518.9038745402719,2.7059698018454688,28.57354530394634
69.72420650765788,44.19532443907028,3.2250156443958,71.25083399353178,2.3611906789138857,416.2716684790824,2.145392770246681,29.2007276287708
46.87461888515632,28.192179373496607,6.960969999041144,74.88237284658936,2.896077955380316,420.8110024404002,1.7560519393194247,29.366356477416403
54.91710494850961,40.65593845683178,7.1805490126885205,51.58030877854442,2.2275463684548225,411.8257482397884,1.9106545377901896,29.01248011527909
46.7093631850249,38.64757104367968,5.960119160173367,52.6907595561564,2.094923918106232,425.7675806619307,2.1723611567339263,27.846619661549735
45.21955226851453,23.377736967722427,11.359583370167917,118.37233758685846,1.266635057652748,376.9909824348587,1.719958991326178,19.58134867150437
69.07040520702847,13.107729740767702,2.257434674085077,95.97737729877018,1.8600707947649864,397.78109186126017,2.07095569643404,24.70641292495233
136.25914224731298,55.69593080470453,14.65374703023921,91.90443796475653,2.663858338097087,514.2817222590506,2.5521748251501286,32.661498231887386
73.26068094541574,37.18672442881787,5.133981434449744,90.31878435408198,1.2187270715567289,414.70947322653706,1.9588529359243652,27.491421153661506
119.28717035405032,87.47109031685757,16.327042116009753,125.69242688956857,3.14039843806166,522.9727469885743,2.195253454306481,33.123359699695946
112.65944321833356,71.29215824569562,14.639304940071966,62.35948549516178,3.3055918629103678,518.078696821724,1.7911202693374486,30.980538590580124
106.21541859566288,57.77554023151836,9.334334824647447,148.90399950244168,3.089916216318427,521.3172199752328,2.738631475800786,34.61790579807799
79.20547901673916,14.84040752678319,7.877913149060008,81.60353876692912,1.533338828397297,398.8128478143277,1.8053106517201047,27.983807870915395
56.92079588707532,37.372166110175314,7.541262121316446,65.85389319343335,1.5283084753150322,408.76098533134905,1.57164718149684,31.071154893776857
103.07286690018252,85.44941226371742,18.32612333946729,137.8905461027401,2.331414194455453,508.4719813118692,3.1187574757729437,30.864934171491456
60.23557479928847,14.79492289498268,6.154974539245836,129.34317494356472,1.1552318487936708,393.6354594068736,1.8793155402480557,28.831188251312536
112.93667414378623,65.56897884791456,20.84230488134807,189.5279260682388,2.2954202043042518,522.7975712225809,2.8951345202019594,32.763862946017845
108.66078048893512,85.63029224744406,17.714808320688014,140.94346484428343,3.1705427500051617,490.81817872890826,2.7571275990961066,32.66219843938512
78.85589935033639,52.43852932586314,4.793953597205569,104.50264696335748,2.018975218145223,421.3554459215863,1.8744869293964423,28.419867349729444
130.48529355286337,81.66296861222416,26.879330865919783,180.3763800316151,1.644719280424965,502.5169393923872,2.8086047832089176,30.366502306355887
134.9312019136214,52.919980922936304,13.43167345513842,132.6223430147146,2.3337046677277637,493.9276658938449,2.8922736432279947,32.245443588232625
58.98913146422709,48.847510547633135,7.006426399478047,121.1370444146204,2.284679723086219,442.3447890134931,1.6447036383880715,34.18256980484917
56.72068933261903,34.199719975115606,6.659924346142744,68.94329930757641,2.3278051991264457,435.27723619523766,1.728579526038452,31.58876683595836
58.3120363854329,12.66448296604612,6.532424052429272,100.90158478674068,1.6390121504632298,401.6350876795499,2.0530311054597776,29.92579160488465
74.33887258794697,19.377539902557544,7.222851793521747,77.87959083275882,1.3604061213505658,386.44916101775954,1.9844932369612012,29.903620864171675
35.97051282154247,31.567534046838084,9.341885434995628,76.48228375135326,2.061602403392243,425.5148537604047,1.8087204892744908,33.3901020808615
110.60895641877332,74.56992743047122,7.490985693060683,104.00176188872626,4.607510153763632,489.8677898660076,1.7447700692807413,30.100119640967492
120.13736509878072,61.33704859738669,22.40073068111185,231.926016996707,3.264145491934261,496.3902042213673,2.2662545044215108,32.61133690915934
61.29551350610135,40.6929406054889,4.412922315684867,82.26268475359943,2.379053099258736,419.1278440158435,1.7260862294292438,27.752967590178343
79.15705041813881,19.475191570380577,7.033877896633121,103.66982529963872,2.1448882513021696,398.9683931586553,1.9462938704188333,25.32642332375414
55.26489976711762,15.56959814050385,4.651111472344608,77.59526344208349,1.2894821875092104,405.0581828763966,2.2660366172612427,31.98090559317003
120.13606196785544,53.8765141403632,21.04956044820935,200.59917557413036,3.391138849192439,518.3509041332824,1.7642779229703214,36.11593769830585
44.58487288611063,31.338251517854992,6.938914401053474,88.5438872374337,1.6768863450780984,437.7531089260952,1.561272633648704,31.838308347220003
66.97471244611623,18.438989686251837,7.992014425434356,89.14459749655379,1.9608646680982929,416.543904853033,2.079415900146663,36.17431030039681
62.257180559346935,14.193278941741031,5.174663163657946,130.33291022964104,1.4397576322252628,382.8624614372935,2.222060472396553,24.449781435200407
110.75807962697203,52.80002928218644,20.02746275121697,135.72884208806408,2.9285100919755003,508.1851677519449,2.170556356590746,32.276377321534866
96.426738210575,69.23721218138388,12.981216774737083,106.40504561237168,1.1633482351155142,475.5865990063617,2.50429697746318,33.31237564588176
66.71575388715416,28.73232531090195,2.612149987201889,82.85886189527413,2.866257499742546,442.3130014619263,1.9276102202881515,31.00168894988892
85.27779704691562,8.38950340027571,5.77062927748004,118.6564926866648,1.568332759365319,402.6020740607884,2.0586524206493597,24.450955020003622
80.16665469429273,19.27554316077344,5.9029517735896135,69.97424584807688,1.4240789921010315,404.40073516533454,1.8612263358383965,29.36491567180292
124.81849994578936,96.53675050394928,18.19118465581593,158.40364166908347,2.534160209716849,517.4633886138694,2.462614661142961,30.654816782294517
99.54748507559472,5.377559194755751,13.347021940792956,123.92084327890242,2.332939497638234,378.42680013015513,1.9556346437487413,30.02320372448296
54.94653261624763,54.91919646345272,7.331612038416771,75.91090040629551,1.9323728373031537,430.0356656018329,2.26664888085706,30.384565348798084
78.28127091425388,17.449702914000365,10.428539300918558,78.30000001153633,2.078773415279823,391.4093888559144,2.241853222193748,23.681307839871447
135.0858265962715,80.62455770801596,21.757241037707917,182.10450714949283,2.981435118525658,482.3625069754456,2.451079910816871,31.5101947103871
82.88324458099352,98.20652719603984,16.420415746207336,160.08480138828122,2.6685793344573483,512.5661385094234,2.1501973332774327,32.85710868580244
48.54852989774993,33.700947452815875,4.690150796327447,94.01472570265796,1.8608044145945108,426.3336131484365,1.4918413915138269,29.734966640916205
91.65602763575448,16.675185626312338,8.015928565294661,125.09273809526694,2.3749955317496827,377.09635515457165,1.8702172237455,28.56727748151716
66.09051969890264,9.918754127708754,5.985632612387921,104.19314555128052,1.5905203739287468,394.2745592499512,1.7753878879710896,27.02732554300513
123.04709744067443,86.81546000986707,20.001035324590987,149.72099036584157,2.770473698440957,503.1038136771796,2.7475294794002902,31.2657395685782
72.69275460532397,15.948140616527263,9.717026306894994,103.78494219733018,1.4550584434118476,396.4125039332839,2.120657206734759,27.491097642714536
108.90256574458483,76.15713765841684,22.75047528513847,139.1990365603542,2.594044074860952,483.39489621925617,2.614676481743476,31.392045852718528
64.8757053578935,15.698884848831176,8.815850035028571,96.87560534104335,0.3669921716895166,390.1689071624248,1.7117035876780444,27.371642303052774
46.130288937156585,11.891864129820483,9.867567825744686,91.86592804121464,1.835003148993296,403.0687409587528,2.1296274539815068,30.267564879279817
63.8815388961541,10.038208567547432,10.004170433180818,112.92992086347532,1.5919488832495752,404.7988609991384,2.059675490520236,26.095279240772754
52.10171125704678,14.044861186999157,12.825230843225832,119.6151071974506,1.492295848106242,387.3710917079173,2.0044931785624094,29.64135734552563
64.08637164767083,13.319630069249818,8.463296030967966,127.4460590222068,1.4233176344411451,383.083824301811,1.7746906375432403,26.595451626072865
105.15540959616732,73.83360480568554,24.943345846790013,109.45662705324084,3.469153928094137,513.5393277467907,1.8179511222654088,31.127422735186457
62.24897505095087,64.07377583931219,5.345188207829732,71.14549895630677,2.075809413680315,420.25426702611634,1.8375605095782177,26.812565969297932
107.67277183921044,65.23427354865649,26.408218975018844,166.73073182175375,2.221979430144078,504.93009556864007,2.649466524549036,35.28029807704253
65.73816514664692,5.8214436297948975,8.660130001625243,115.49815830989512,1.064367953540878,388.44178525670895,2.00757238300179,29.753717883848704
73.32374996628282,22.841696380150623,7.659640666986896,67.148317286649,1.9348780737581217,391.8183903720506,2.1907343356331563,27.86570557784048
131.77106539541438,76.93258999122914,30.121548116434266,109.10477986221568,3.132794317327277,486.76035644406784,2.627766161857911,33.03829555483151
79.51782590424833,11.250942964167706,10.971736551035368,94.485688312979,1.6224057592071586,400.54666312043184,2.092688614472164,29.63956789291612
94.61209586768793,53.737129134665125,22.34785909174216,171.42310499160277,2.8923217809611432,482.5414064652087,2.494075271939612,32.02684021865238
38.04891062359967,36.9257655540174,4.830874001712384,66.55443455624803,2.391418582368946,405.60225786889913,1.4319341927531657,33.220343058757216
45.690908709050326,46.86318456956701,5.211788906230469,91.68825960944967,2.9882202922577425,404.3575838828895,2.123442514993725,30.208711875046426
116.95600039284666,86.54696059104612,23.309977835316527,166.16933927103295,3.07876099811168,519.6630442183972,2.30310718263092,31.414611435627844
77.98984414391384,18.54820645252904,10.531259071171265,90.78010158305412,1.3085731031935546,399.5772765366201,2.207409457747986,30.22177260430914
144.95622395832493,79.99249098207493,28.34614377320151,223.03225899713044,2.545124965301426,502.6791981433129,2.9100509381816337,31.31144196295401
43.712623066722216,28.51205964841344,6.332625001818424,89.25182585707903,1.1370966356047016,413.2243534766434,2.0388218806094747,28.037668937720635
55.166940852297785,11.244369715367773,5.656660283865419,103.5503853063808,0.9840055296699146,372.0053606852461,2.0266514467722554,22.75233987096937
114.12406699718412,77.37212595522911,20.860078495079268,118.22062136646773,3.499142826648623,519.2027701295949,2.1382713614633384,32.63798772268077
78.9593756036451,17.10793305307228,9.677881000939225,84.56867033632692,1.2766792984215878,378.9984576702831,2.087900246124045,30.33680951053634
77.13265351725282,40.52349138469616,7.824681551135882,154.32279142822435,2.720593745004747,505.99701903541495,2.6458383070261946,35.49579191621584
44.97844385242384,53.19644494477299,8.638446366599442,80.79872794429382,1.8810282263264624,422.6902406813753,1.848727409405504,32.77351613226231
99.75810228404846,82.1478676245554,16.753041531281273,173.16284366925868,3.778105059992378,538.6941199686678,2.5209240546523146,31.72047094511173
94.39749386133622,80.54430687860301,21.32322002560645,178.44364317301935,2.490018484375996,474.438830417644,2.426245006306601,31.771526762902607
69.27066969935575,19.275766827410116,8.527678008497785,90.99063383549,1.689349001610384,403.3565589714456,1.99454201207206,27.19823165673092
50.79958781222575,57.01521070420735,2.7834850763680263,46.77513674587156,1.58574228193125,413.3721552120563,1.450509383060987,29.743916587450776
128.71349821811822,75.1734551237488,28.828546332252017,131.16350356674633,2.379831980693783,498.1765153296287,3.1137451864264856,34.54207783990651
97.03473422494764,93.06897877618827,14.387275968777931,122.47491536957207,3.712363026790452,505.42990621651296,2.665442882571857,33.68117843280099
148.60693197695855,62.4867783804688,23.10609273469524,145.11361267621675,3.4909268959341206,501.3396361563746,2.7167163784984503,31.210934621727223
49.88194131378411,14.93141950316866,9.45609772485968,91.92938840633478,1.6043556258728389,392.97127352119406,1.436013813599316,29.74734437396449
79.35552183292006,30.267576866274663,5.71836609838416,91.35883486150264,1.650697582201973,411.2948289415231,2.141002829441406,29.398393375566144
79.12483678950065,36.66828335169073,4.731906833485609,31.853115860321157,2.45837245952961,413.0726853551132,1.866058172626628,25.02287547641703
70.68288103805683,13.953430902103191,10.145956095532023,159.09681236548403,1.1856055869460072,376.18955396846223,2.060763719120976,30.164687515378432
65.7326141640596,17.18040977563625,14.520982161382848,98.67759986459988,1.6531449166485794,385.2057525828407,2.000537068150956,19.89449459755168
70.07367413815821,14.917321248761873,8.504120685410555,90.5966904756466,2.1996896810108617,379.8175035567177,1.8601523565429745,26.52292577801946
139.15579470273735,89.01883199997832,19.479379228877388,173.39266488866463,1.863950693418932,507.0686173297282,2.41855555971792,33.31104485190999
65.41079571603343,16.639397620796785,8.171786012586661,44.51749068131162,1.4080801477699223,381.4859356573969,2.0350422837817024,36.95577700781023
73.92097383121987,4.629620201176053,7.574383477036791,99.06565350503467,1.353108403867802,371.638255355675,2.318946801463383,26.08341541616688
86.16958759888021,44.249661162475455,3.4406874390785807,74.2421398711741,2.0528747397221765,404.7278007752863,1.5164752131630457,31.19971859967129
41.61348274863597,55.56049439477057,4.921991598762692,84.44868273939856,2.268188926300852,423.6656575719312,1.6306175343366045,33.43969242220517
56.38153400553973,62.192012719617786,5.5036735012472375,61.66230616562876,1.8321345025401392,412.1055463975901,1.8866979434897044,28.38786488250039
89.95819088455657,21.671751629746492,8.83772949481796,121.59699554172091,1.8749564597119144,387.76649459116265,2.1452006865135336,25.178065307077254
86.379307262927,43.891591956679285,4.89375869396491,104.47137764837257,2.5482346169054417,413.7432271250379,1.5361505610802466,29.594038725208687
59.04713138076967,35.4269834491321,4.91435323737685,81.1604546961679,2.424215441102642,397.531106660154,1.6786599410469407,30.422567384558945
68.31497663289794,22.44882570034283,6.229800583665719,136.42696563841417,1.3189753323194549,388.7009021701932,2.1162865037595227,27.39029176207968
141.03959908418665,73.7339364297499,11.69758666153088,204.5891805618357,3.844586355365743,555.0021439916151,2.9015091194339155,30.740699540799035
82.89279476042492,45.2883130181302,5.301740426555069,77.64251870836809,2.178001314612513,422.17997410666135,1.9082815137745175,32.8834335219001
90.91961420273354,20.304068431276946,11.28106714178474,83.61052506676052,2.0477550690385176,372.394214057584,2.0779200789589134,24.31420445288857
73.53415760679971,55.19283923641769,6.021584177055189,100.61161171248116,1.6710827230739316,428.5452522706661,1.5816132199209374,31.780495001673017
89.37543873633246,89.35565126887339,24.491409280140203,111.40997559951154,3.4298179530809363,510.5678562373544,2.604967036034421,32.94428888924533
66.82521092073144,25.12766132253757,3.876785929923672,48.72620629309149,2.4900467675350524,423.5588937755432,1.728901877758811,32.841042686577296
84.49281280909938,42.7522128875783,6.487753249029277,91.79896969109885,3.2247298994790503,408.2369674307673,1.5847073838934391,27.68049110579573
89.78879298728413,20.56680252971969,8.070253339855475,72.27508266972691,0.7994520173728574,374.72429506190673,1.8668293183532152,27.49254647277004
110.15712969607996,61.702117248476696,23.51820807896588,154.77476835996316,2.8554633103762077,511.2096279760987,2.05875847549802,33.28233859738308
69.66713340892514,14.690236269509516,9.308984980142409,100.14583866663584,1.3249566972972135,400.5874382991481,2.0404109232051293,29.9571661487307
80.12213873296321,35.14694164632132,7.461749026309469,113.70028557417018,2.2814404300871773,411.2018564649794,2.197412222339888,28.93805820437607
111.98581385033852,39.24477517656325,22.948047733460136,158.00736229468183,3.307063544445759,502.6894568412583,2.5643702210120543,34.93804674723758
71.4791465754714,51.12905667380932,3.385129197060771,77.0198960127227,2.4657856343405324,422.61266684131897,1.866388511333373,31.5983576398108
60.938159935098405,11.817371384121987,9.732639900524116,140.19102302790543,1.7328668177920232,391.57162349868815,1.9111689284734457,28.98811943675058
105.06843306919522,46.7707255170438,17.544231264289476,141.45373519890987,2.820674173253234,495.1700510825845,2.4814707400419613,33.958883036172125
41.73114559852331,50.90434341399109,2.291439891129037,59.93775967920043,2.099648654996032,422.8672983908379,1.702230031451446,29.4431342347223
75.07937333374768,9.684910042115018,5.668656819422671,100.45104121585248,0.9294484310874368,397.8136222236251,1.8306707502267276,27.92602815780552
87.69611739357785,12.477517578641834,9.259829724092588,49.0142125420017,1.5695844598742832,379.60926433608216,2.0033098797818227,26.94383317686419
90.62153072659612,85.53737857626352,18.63438823796544,181.6329496491978,2.6316863525167578,460.71414955528775,2.352531652420575,33.68989000309257
80.170141801532,57.27482738030988,4.472509224302789,100.05301825975656,1.5608649631633171,429.6195661955538,1.8465189816455636,29.560499008314544
136.66667823560613,73.308121405208,26.089795761527792,134.6041090645981,2.497456776476678,495.38950749639497,2.853917562508213,33.38821526190672
86.63122492194744,79.36629118384828,23.35050020062576,190.97453257686144,2.5934232330074485,502.6090822417736,2.104203425866072,31.78410310542963
48.24716723796927,41.816090662535096,5.859249881267349,107.30297523784162,2.432264954270398,435.18886581452665,1.815995298955614,33.22358118262479
94.99008000775206,16.914944923704642,8.282514280174926,46.73583800481998,1.8072828866526949,392.1539650545629,2.101653727934918,39.77871311930898
110.92516774323344,81.36090203466084,16.761839432057297,116.29412637258017,4.072329941581181,496.1540193194184,2.5674546448136915,33.97092904929348
107.70099123703328,63.30635988670373,23.77041585145236,116.45177536304162,3.520001635704062,502.2773880061937,2.3080024549667653,32.6675570305797
67.49274378802068,6.793733988200685,6.006814527354097,69.19197132406399,1.9833802032072607,407.0282700600928,1.7809133085410829,29.638220539411336
74.3295083735663,54.72670675750982,3.792038748061541,75.40902689279307,1.1802579187372828,416.07528893939127,1.9993141021158896,29.067009241543605
56.74074454594765,33.590956507519174,2.965926661217104,98.82515709589596,1.677806535600986,400.0505471418671,1.8528595643950867,31.450398945346368
101.45253756248005,13.81722356390527,10.271240294365889,72.34266218970915,1.1701943353889306,383.91410276760297,1.8942044583871969,24.830327071719243
108.5929726717264,74.05086037587134,10.438725122901117,147.94097861743597,2.0421794728170326,539.7455199846162,2.7734088166524167,33.211507582542964
56.15173529170689,42.19784323424461,7.785090507451914,39.017522270928,2.407084741666176,412.8448318074168,1.6536914860760683,29.503283947175756
106.41118154136574,101.21148856058784,11.278346403608712,167.46733432691283,2.953817765376433,509.0131111066931,2.370785589861913,32.70788022990567
122.5196790889782,72.95540249315951,22.07988310608901,126.0601979345557,3.19123943931543,508.86397319831457,2.35348248075489,33.84023599650394
114.1857851329356,66.41250429896444,13.5511720911747,158.00960956582952,3.1605822734820044,478.3772577440468,2.725160834630592,34.39644167227096
56.34066164132252,15.744859746636047,5.812885708223528,79.43822717876775,1.9750876708665608,405.3556237791541,2.107745795210502,27.36617423454906
46.39487762426011,44.87413926904844,4.567095554457105,67.39427111869716,0.907351576332547,431.4383672642039,1.8806600780490563,30.855234563169564
54.64892155111458,59.55230030907778,3.193147167262113,65.83464521193973,2.23309517117356,402.4545789613373,1.7123481765242876,28.92368199758654
126.43186422678475,70.27602446175158,21.126320586237743,170.78168265350578,2.1114686524173107,534.0502931625921,2.5606986389268407,36.263713798178216
77.68316869533547,81.2924082071271,18.01627510502813,142.02672910637168,3.001967360980286,531.575671532245,2.029687661852269,32.17102054825486
73.6538580328494,19.95354126851758,9.076265929136932,120.7626989415022,1.0737861240412223,401.9317086497514,1.8555274521022,26.00539137212806
68.69785927942698,48.55555659020712,8.298961788647842,101.41221119958372,1.6351987650962951,423.6141731727311,1.5413716912482704,31.14478062235135
44.17364237512673,37.298232792560256,6.885692343465459,102.20697959828588,2.541636621733108,414.3359325703751,1.6841599684557351,29.55005340142337
52.390928841092816,38.93778506157989,5.166962251039702,69.60049823184957,1.8206170319524264,419.1847717318065,1.7635163728920922,30.062151933750027
60.93075844915221,14.628157005906427,4.532347291032664,108.52381725554066,1.0921975190463251,399.3442778323131,1.9516500722213104,30.34021089217319
55.36638702591348,29.32555654453448,4.258083960856889,75.67143943448221,2.070892710230135,414.96080528625737,1.5984798610679938,28.054158228017503
106.85030124067312,59.86778234440108,23.36566010344856,78.89242559802564,3.176517145332903,476.27861537201176,2.6825326208422577,34.428637871747306
92.93898557197092,13.780483893372685,8.772615763561737,90.30251978289854,0.7895990644245852,399.2740749178881,1.8753071319287944,30.23469534818108
48.71347143970448,34.98597853114363,6.950624916955958,90.31256176887914,2.489211056014017,425.22142545933934,1.5792660342939262,29.338421551344886
15.703873490230954,32.97252223300613,9.531425380991385,82.3272690273192,1.1576496530070872,399.3530251004125,2.107948152535176,32.21180997183455
79.77091032287218,16.477136432824423,9.326895458303024,81.89383669854149,1.7345331902312546,386.0387390201077,1.9093788264038576,30.684170543941413
138.3463032271755,97.41521474424545,24.58983835333181,127.02419729741092,3.5102364088939475,479.2546851807454,2.685589036032922,30.3674599178518
47.32033338811031,13.628574846436992,6.685700338422871,108.55877947574017,0.8622686026874168,406.9356646952829,2.239044134304343,29.434606785705277
104.405543568515,15.947399106105404,10.014887946390395,68.62693329994269,1.5738841899124334,399.37915537510656,2.0024998643814502,36.605209167000304
64.66823846927234,38.67756945876617,1.815712944411344,97.48353834476646,2.1868842140467475,431.01956697397424,1.4922488951449493,31.014268979090534
130.8721585496026,54.22127612416466,20.432127093930955,143.574763885935,2.9416244652097814,436.2437704791971,2.704790825070612,32.37067276530644
74.98101350658969,11.210719019970618,8.049715007502538,92.4886282795562,1.7433631015196904,417.6597961443927,2.019827667883625,25.47486416188597
59.28813810434097,11.904636317413956,7.936975351153954,106.86854756865864,1.9275838141100552,390.9118827384378,1.88761075046098,31.043936159318235
119.30040499771756,81.79438845091914,26.740739243034856,127.0516427736515,2.447600860125178,506.91226832770735,2.0266893725101425,33.942287499524184
59.99529491082338,44.49473912832307,9.172094099074227,59.70481013628296,1.8192686166530072,424.1644603810145,1.7892190301988522,28.03539283924537
101.91863420528,73.86963971831771,25.519386716581288,164.25503239486144,2.9983173113568022,488.2145669642139,2.1723509101845733,34.66950265264976
131.48142441788002,49.86808377272328,13.170879222922808,145.53092070698108,3.351949098826636,535.9272164585393,2.71182367414454,32.514637446375936
85.67936311922071,16.748988636268113,8.406298403182415,112.41938934417274,1.1086174986403172,375.4889361283,2.2868265446467166,28.748753685367507
126.76504975058356,62.58468493214925,13.74651968505887,150.65831424645998,1.5545298286906857,486.2800391656116,2.2216647672817715,32.52124629698217
49.87998087573454,11.10352200239284,8.345053565846179,112.77157472870796,2.4778331010330024,384.5771766223734,1.6406523974043894,32.471138410578945
101.44975612949192,63.7324251381797,15.041697786831673,170.68294711545397,2.9150723044841444,491.8489995965904,2.243329829073016,30.944126477853324
72.50308717576152,10.985877780245788,7.852054272811244,98.10835989185424,2.2890168707159235,376.14012057601,2.101117848367175,32.46733932498487
58.25483547242697,18.42421368665788,6.069534798243085,84.71826502012955,1.0329093249558956,401.7822809288256,2.3083345623592733,23.26175503152082
130.63489766251317,77.0899458411507,26.89581294098749,147.49859566684603,2.5870634914939705,516.8856645619484,2.4475166301996065,30.860209341838992
59.387787088136776,19.03722359004176,7.41318896831591,63.76450677056455,1.63033634085917,402.0834781757357,2.2282928635944503,26.322010185588265
83.20561264026333,14.829425487428278,9.124688078468337,90.30499727834318,1.3808810401822844,378.23296485467534,1.997012644535847,26.99545454918566
50.78816152487526,55.886269280435954,6.390804949100597,57.17982980494524,1.944245586428528,411.9503351914744,1.7224600167182875,29.17276866874072
51.59088544729035,60.52972024501664,7.177539308433344,72.47398550150008,2.009409524870299,408.2834565268244,2.139144575562173,33.79457738954622
64.19754608478563,21.757514517280605,9.823530645684006,56.665403448627146,0.6740458151812454,370.5076871683473,2.1290338250745635,30.234974258842247
77.88706116319351,90.79524095894266,18.48909706508689,71.90588736518104,2.7470826066228966,498.7163167742236,2.196820534021326,31.96956321238352
67.36242750927143,39.62687591753365,5.2762634128054415,69.44523551943746,2.202029308729709,406.5363008651222,1.7347092221898632,28.49363175119267
145.4083292116244,83.6142741520031,20.56181063462902,151.36769110509024,2.9458470566665818,535.1683571475825,2.909751581666939,34.4897928368942
102.4645243757631,43.78545235257607,22.173850322784457,164.2629204757987,2.4431100524413827,508.4878787572202,2.883855600928048,28.56636232129187
71.86791106240786,18.165474673526884,9.01713175471664,140.76454925825158,1.0838180137544289,388.157619605545,1.6491828874661292,24.714681844193198
109.57197816362496,44.01183963468469,14.09858198088564,157.90640221734506,4.798934924832734,472.8357666294761,2.0809197725596125,33.67739673767837
86.60399693807307,68.39270678446695,25.92104572980845,125.40403364898744,2.0905631371813653,492.5188070081743,2.1705726119691957,33.078309183626246
88.64281149269088,107.67334827376636,10.799611277471236,149.03158166851588,3.448380054552341,502.4615640331237,2.4660615842452778,30.401567273108352
94.80911368520812,12.242195955379952,5.312256788881449,121.26694093685596,1.0776296745956626,389.8470733903855,1.658362986136682,30.45451840109235
72.58143215863846,28.290281212783874,4.2330779084846935,71.93264653307021,1.7474756744098552,432.7367424790469,2.2023651992885256,27.26172692530107
124.00029702343495,71.41186401683915,16.40496666159298,103.10731505518756,3.9358443062952992,523.6513145412174,2.467793562785795,34.99883806535582
61.12132985048448,36.842176235598295,2.1837932523742167,101.63652302080529,1.0933833569984772,409.413894094708,2.202406826192122,30.272345766129654
61.67058902760078,43.958197810959234,6.385711511635623,94.6927509091866,1.5070980956660869,417.15844902071206,2.038952572375388,31.789294375147744
94.9178395267765,12.746893579625524,10.069727713546868,64.49510956795622,1.8285817717013624,390.45616429321547,2.092960426166396,29.338092865756376
127.40122230537912,76.86708414888678,17.51533987441011,144.52293076861378,2.3070295452135903,499.2998477998753,2.2566997409113467,30.77190709967601
71.51305184506484,17.035527077230338,8.873487081566964,94.00004455883608,1.34226908030593,388.4814663827351,1.7720616589905585,30.15482322092338
126.24756420933144,51.13197766136668,23.65690126287496,167.71266183754392,2.900497424141618,506.7737463584338,2.8088372444795078,34.7446307600569
79.97382048731549,35.74138413598402,6.078288235900301,99.56739875539544,1.3884015491394284,436.945117616985,1.452122477768841,31.40921163941815
136.7893700903681,85.86052458067337,24.360985000364888,140.54739806417675,2.599777770630757,506.652150206484,2.7799384217023206,32.55455859844679
63.21561416062272,9.809557480918569,9.917438856647996,108.54762553163675,1.4645683876721327,391.308934879438,1.7426477410694527,28.32400223184091
70.43933211159691,12.191087525849923,4.893144403066414,143.64678340337892,2.0597133365080205,386.18067728274633,2.102045529033921,26.54562797092932
106.34435283157862,81.94139058997852,24.29309199038008,135.95807992527764,3.779585966378575,461.09862534272577,2.839369027497704,32.86693569311622
61.615562216875965,47.02692384818765,6.189557191649173,87.36323390106915,1.53810678190352,427.6747607252003,1.5928755305049342,32.21412847213027
43.4656216232421,16.64553389355065,10.505685268854968,88.79438459249627,1.2230998682936414,370.3107685758392,2.0206876258616213,34.12622812043124
119.55442041632574,69.83361994077097,15.934928138699352,174.69839747033114,3.158033066178228,500.3522650386731,2.207390191816525,35.60701586386952
123.1948673410149,68.33519542342398,16.911612556192015,112.58413187119709,3.2702023204718604,499.0080647595051,2.68378873590616,34.588875815997724
100.4845098521809,76.8908562449178,21.165463262573937,163.3419670248935,2.3274827851651767,476.0650638014996,3.0129484558230994,32.66255564360546
118.23362242375435,70.02601535113676,20.435769701910875,224.6838324378208,2.762994013482732,531.5988021588689,2.992607264513484,34.50724857054397
60.244734025286654,53.00526858596006,5.326810948044807,56.08752458289575,1.889678624942114,412.577519864338,1.6992991676225402,29.810752414701422
128.24218322040574,67.98782235600314,22.017344590539587,133.51920435193676,3.920345877917552,488.6897742356471,2.8591559453867283,30.04786581645656
70.36027328559389,78.13448153958612,22.355366404717262,156.55039300193692,3.1734678956601687,525.6628061059616,2.6618420121080115,33.433812887464725
127.59535272081791,65.34538441922645,16.92838427951853,128.7063302329939,3.6852226909897454,472.56513741472986,2.982634256720312,34.65645938036925
81.08401928358263,3.5081648101865994,8.666024094232515,41.37574042295334,0.9739329030287236,386.1990143648968,1.8557167300508224,27.556580489358648
108.44498983691646,49.24806232257451,17.319139166880053,142.07886714016797,2.257094527801963,499.0907004774199,2.6418751253576485,32.573055728001165
103.85720034041329,71.82722058662287,27.72628584877372,222.426519367162,2.6708294853877037,491.4187224619709,2.4261273634153846,34.19140450035103
117.28145420288466,92.64186540111535,18.798358812834927,99.90396999978807,3.520731173816205,483.34589562789097,2.457065278910867,34.57406167374323
66.27147908155852,44.83063359261324,1.408126897326628,66.77648730343469,2.432779224378621,426.5759848170449,1.891393472906694,32.62580530783957
65.69459472578949,38.6993970644638,8.338139051652663,61.14883988416247,2.807389395354926,416.7797184550794,2.065086421819016,27.186369981004923
115.05344533844357,107.86594806734831,19.61818400339683,140.9311070238393,3.053907530245061,480.6532960615059,2.979136160287075,30.057838328613737
87.09141252329816,19.23966086676632,5.928178029975087,96.33603660770802,1.801072926114423,378.1253459826156,2.036302666301511,31.64492053387671
70.84025161808941,44.42624189233345,1.550990427850428,65.21334421286552,2.013163916971324,427.33452883141086,1.5342840684552028,29.97730962044944
144.60444351301575,34.14543448795843,17.93889627487765,177.4042119605222,3.376340932064916,508.5637249562115,2.416002009437656,30.441938527560428
125.11277950266329,59.09037905844541,28.33531218071088,153.6452189052223,3.3552180368005784,516.71508027715,2.540212265869908,33.48126548805031
69.08187625230804,31.03968436234412,6.160197683270414,90.86912921908213,1.6525170043503177,419.7217245537073,1.9094283350120955,28.283289291761157
61.8610908857924,43.7955030461223,7.23249278103625,110.16095182838306,1.875317949187027,445.0164503513511,1.388406649320649,30.71243341962893
71.44891382812263,53.30807242034411,7.330247479640269,80.43762641142636,2.376730725829164,426.1724045435638,1.750866944808119,31.72326932594429
51.808334958921456,37.67695506263831,5.058502959403751,74.59446477979671,1.946940242215334,437.0465100592813,2.278153232953545,30.754184187484952
67.71875135585368,11.950496185640388,11.15077894811233,100.71977034346205,1.5472847965607748,383.2580943966177,2.235508944953917,27.362264116034297
108.95883996445195,97.65848038002926,13.823597526168626,116.33540286357008,2.8065762554114864,483.6792420921146,2.565224972706014,32.34675302182887
101.2296740172583,21.73954589268099,5.915032980253495,97.20525942802392,1.5410737840520314,413.544880739106,1.6505243542507415,28.937272266272625
57.6000602336427,18.829391397403075,4.768226425179055,107.4911921959337,1.8729739483818668,385.8489971103663,2.1401401224241168,36.443963333417656
127.86614100010648,72.71876743903076,22.30135812491152,155.84527020810415,2.2862132762038003,504.127235426509,2.938658781615291,33.897271529029055
54.49471657390652,9.307574550311584,7.833662578395929,130.2931074617672,1.1138557822479145,406.7857595317409,2.181962044490714,23.60619381024813
67.39171757653423,15.565702285265116,7.273766677688867,49.81357848137476,1.3446612246795366,386.94380888931687,2.126732204954812,25.90540097616685
139.88672159755856,72.12160769385032,26.74440173560639,194.93095548124387,2.8377216815302675,473.4760368871423,2.909941852703008,32.89626966638888
131.27726337848708,73.02316002699132,16.179771092030784,118.05003524672551,1.9974259413460749,488.7890964784405,2.1982439305753108,29.58138060941791
66.63605505314828,9.528176012249284,6.823691286024499,135.45596957265724,1.066315968088075,411.1674682147965,1.8318785145060712,30.24984991195373
44.37572844073971,16.697177774054495,11.59264785296937,119.92455456784047,1.7544621940157743,373.764666156016,2.0238593410044032,27.79912029010858
59.3644738418749,12.867573658365885,5.512443672163956,89.66879783860078,2.6690127013144256,423.6873805927693,1.7738525866573525,32.20988384446194
124.87060408372687,86.91670375950848,20.43055434129489,127.59230144789495,3.6931163672715024,495.6573785010759,2.657961005101692,32.0451785876144
138.62681846366004,31.758654166229533,22.21360137596321,179.89052962772354,2.193556837814543,508.1745386994915,3.048987900926263,33.224132750356475
61.221868462978016,14.12589818018062,5.341629733310235,98.47028905552446,1.46044342704123,399.7567834543816,1.805569520359468,30.94695844826633
117.3471371148175,64.45852465808952,15.153611563339249,154.6409024803597,3.863250292757128,539.4681918049693,2.5193863093541595,29.665687325645287
41.81833543109927,17.855897031096042,8.48731444740543,72.74478983001426,1.105784159711628,380.3025628036533,2.022107063494788,26.12105417145098
94.0027929910912,13.810496241154125,5.078081491435297,83.789660624929,1.9551223290791484,384.0898682647289,2.1178247895335027,28.505674903894107
120.49527076191606,45.361699695503184,25.45973085644788,177.1031658746341,4.391833795506417,545.6099861295521,2.147193960324172,32.32920015924234
57.78720653072916,33.988518634040176,5.530397271896604,67.07369408461312,2.088689585457234,399.0012676778096,1.680025166279837,32.1966584013881
36.85322658085694,61.96223142152799,5.985972917028919,78.84964493989074,2.537671700978449,422.1066846520311,1.841906846052559,27.8167496556818
131.51359045070916,65.56908071951257,22.68580250730478,102.87215828634696,2.5458034716130773,507.5381788325281,2.831505531655483,37.371559624542336
51.05373722110023,42.71107034897033,6.879158824710358,61.99891534671501,1.2132751199488907,407.7892253591193,1.7805737781684725,26.011742313041488
71.38121629689721,16.76344769911306,7.105480818234325,133.73958097617498,1.4681890929167205,366.0631584826587,1.9991993716329632,27.252472486168127
53.54536020068036,37.91531789459592,7.41321630972783,49.45664286820705,1.4724553159116525,421.2626773623407,1.6030690430305476,28.414953105769573
70.52068355310792,4.47444405968605,10.167470596108029,75.39438796097953,0.9665393669664748,381.8824122305039,1.8286698737178408,27.573665616509366
51.18614147822721,14.155173966687446,4.557648349420552,77.09646208546641,1.918669930912375,397.6021349633012,2.187413375020406,26.2327293324058
97.4830107924868,30.75704276848371,8.628018362149968,43.985993644463306,2.895632532085353,421.4735127314325,1.8368265546045088,27.44040402776106
118.3427865492817,49.8384577572638,14.231336046378573,124.646141675202,2.2302468941655165,497.8401069967226,2.319110529954352,33.63581676819135
135.9171125930809,68.93925286329876,27.97320320608157,149.91839414672663,3.565569584411609,487.6508739456654,2.714805203009278,31.9021612803894
51.80937301774918,41.35338347892291,6.988894751017815,92.92012374229104,0.8141703195705539,440.4206965292788,1.8590559881241735,28.447001719014
79.58440142352013,24.902257068457885,4.421544643692574,50.62264870268015,2.5844217787013597,415.8761560519967,1.7905779768737935,30.960100536010003
138.93856936714113,88.33097911294277,21.60438255592289,145.0631709113198,3.534333905653713,510.2265328832471,2.899114505697418,35.642123476706935
56.25180340009212,22.47706831237685,7.671218469854189,97.0696356565717,1.556541410642773,383.3550131852776,2.053792702824663,28.731916414827044
80.96029641258338,5.252191411228164,7.298301139847051,44.54130599872297,2.0478804430616737,379.1394541788192,2.251080721891979,30.83760893105244
41.84764463653969,32.83291171082979,7.20052320646194,79.64129038849721,2.003796967689062,437.28879887396687,1.5847914441102708,30.431638946437207
107.89516980149637,57.86008861476991,18.835909588895404,151.9269250110998,3.0801701570506075,536.0532190235086,2.987451713396452,35.60589297813392
113.6166017079481,75.02531943703154,17.541310756046364,135.43397884081506,3.086831582898704,487.4823093819703,2.528720750159969,31.813350220740134
76.13869318913585,12.982634700034977,9.008202148961692,119.77866778781323,1.7689436835534005,393.1973391447388,1.7761453369505016,30.941825064600277
66.26521128359101,43.8737148063299,5.646370964916412,105.67633719707123,2.647492792408478,425.44220352340346,1.9691605745125855,31.02812510484955
69.9283393091134,14.653489853144434,9.311942929919285,117.25665997932296,1.720330632870449,377.1742245844296,1.995395508312918,26.099713107408544
48.52542369932105,37.1781223918547,1.2418076334685173,98.61918571775996,1.987356389068021,432.7597729576569,1.4669381842644726,29.41695737816501
56.630052798483234,17.445419390753713,8.30174374255094,109.5076710600386,1.128831480219341,384.0932543811515,1.885332032156811,27.17053073323974
118.13387006474832,10.367554676498782,11.372607148405727,91.40524656399351,1.5644158031251416,402.1728973392277,1.9692977072413609,27.276837249049997
50.54185356392977,27.614368109653327,2.7041283635812445,80.6720263328798,1.07514792716402,411.2083698437866,2.1889187987194045,29.309062705719857
55.44974898784299,47.662429750405096,2.919612560368204,118.90390148553864,1.0894569653527515,414.02332316745145,1.874042377988348,31.168628332870615
132.2446537358221,53.64748226186549,23.236628057311123,181.3368382735611,2.727198176864617,463.0272861673896,2.449732798179632,33.378811801559124
48.75334733573841,47.556685206468046,5.195596626805421,76.98632882755341,1.746426128613919,418.1982644346492,1.8320632857573995,33.45736315162861
90.97589352043892,11.685466638600676,8.056157548095982,102.6056984782102,1.0252475081623715,387.0159372807616,1.9322631351802808,27.48356717887458
70.42709843856541,29.40494564154613,3.5349446323454545,79.43434702585776,2.0835535015701128,420.3839400823865,2.0597460217280408,28.570086299807883
27.42642892859329,41.580892253231845,4.444911487368897,105.8254767803176,2.210890037125436,433.10191908080895,1.7568078959299536,31.87495498501385
121.6228503791082,82.94828468526136,9.924081678211314,130.33867451796945,3.292924701379656,477.5473710992131,2.684238783835133,31.2616120428968
66.22908868669911,62.73941038677201,4.520815350692582,80.17526969770735,2.827377179425271,414.1332722569479,2.133476468587723,29.17705765172408
53.70145495698614,20.195657704339794,5.260653483489923,65.64769207520045,2.752741142355673,426.1517443818867,1.8082803900428213,29.05460093525826
48.03422758100844,0.8383703750792968,9.627961720395485,103.21543626012416,1.4097374477150997,403.8902436296276,2.1274649366046146,32.84890012816575
52.22172589183358,9.937555718903198,5.365031993162711,91.58032215588872,1.9490682449509849,429.33746208838,1.5359619528335016,29.6575220870899
42.62380241140815,44.006918370857065,6.117253065509027,27.555616909181147,1.3825771431654543,429.57554719021886,1.6152786074782417,30.40588810062022
119.5964669659746,55.804330189632736,19.657363775712376,139.5040248301262,3.125740019618503,469.8751722874738,2.619355602330796,35.03325934977262
47.54873238945724,16.354182579169773,8.866945663284744,87.28594366810798,1.3064051534876484,391.2366149515126,1.7007970885701145,30.87832159624927
61.11044028511858,40.24103226477347,5.475796377604284,68.42368371762979,1.4603520316601728,432.879704995832,1.920824101196948,28.90468378925723
127.13945518533852,69.43160377424753,31.941859964352197,185.5276993558852,3.5059788264898586,502.23598316406776,2.802147160179001,34.0359895527829
12.932336754195,12.557619599448202,11.185339996565768,100.48360177029386,1.0244146321860153,389.5011984587188,1.790775782987499,29.4202222471374
70.61214573210664,18.50747390962357,9.037742360880245,112.39512552568928,1.5006476125427763,394.1477289078879,2.32086782166172,27.14471722887396
121.95626586186614,66.1557876362264,18.82041735343938,137.79344266486876,2.625670330408974,505.8994291141764,2.0508227064464064,35.56187915333346
52.66862433930845,32.42641513469832,4.061651601075985,104.68495630854946,1.72648787449517,419.0138235635944,1.7176060261773944,26.433557037432404
125.30925318991454,70.39830030699203,20.11428754922562,172.12538680868553,3.035260327671098,512.7106039966579,2.823560063818884,32.344525699464
141.5036079394746,60.11723125304054,23.39910172914485,154.12558718171056,3.278787440525528,504.31014046368216,2.5615044318612785,34.60110777617349
55.3408962765064,27.438707053895502,6.3290870851064325,59.701546166833154,1.8137728439753684,426.70348702902,1.7525349392406948,29.01542401894149
59.454235114936914,14.9006947609605,7.3334102272768815,104.54644792421033,1.0301473292169705,397.34180793535137,1.6321578894307769,27.723467500052784
47.940773779087785,37.52247581760291,7.640828019567668,62.51128703320164,2.313803148780916,417.20492536703466,1.7683389043980673,29.63229221368158
68.37205084539673,39.59428127189848,-1.0955546247871937,71.52329156201247,1.2866620523898304,421.3441252790228,1.7480048022663532,28.26139091758492
76.12832403670582,19.60659024419077,8.569866139369623,94.39196720418416,1.2582726874900647,380.11814076764193,2.301924791993136,31.94641313611
79.55756191535363,12.35266518246496,6.876315801296602,111.98402383573556,0.4500731774503552,415.4900970871772,2.106205218978842,28.446630411753077
138.9762619294324,67.87711369949578,17.621022779975494,125.21664024856372,2.519090130210352,472.9888807131404,2.477238564794493,29.630664845547223
140.2487687365899,65.20639662563744,14.754367543705207,137.9258792283101,3.129181711637542,519.6911058192834,2.865290076919816,31.162093561682354
46.76683806006143,37.5586008369067,4.214525274423082,75.3125975361026,1.989286723136718,419.7159213770684,1.6089027005457612,30.738662042312264
98.97137198396752,18.17983875355869,6.355847976344145,69.51788833694516,1.2722200902031555,388.7597861261,1.7871559986365302,27.97046557404885
69.05685780416842,29.82235690923047,2.945192896947978,72.53463508117372,2.3222592458226456,429.2824569134432,1.7006936529036063,27.693015148030437
93.85496962786668,15.78987156125726,5.456161997774554,105.28491418676649,1.9250629163150104,386.24366334234463,2.270222817997343,31.878235868554626
69.76383237061454,31.18200895533229,-0.3273082808747896,80.18241439003752,1.7892288921703408,415.5373751329987,1.991187495152873,30.277305250945705
115.0622920686262,83.42015713657197,24.847740334445483,164.14057472483188,2.7428776473320373,494.49220082363854,2.444839210055014,33.376466545402266
55.69091261826807,44.407849323421765,3.855995123473731,119.81352034379998,2.288790090165961,433.0298549871692,2.0142047892721537,30.654578538566824
76.57667659987565,18.34904049004669,10.117561346980494,104.95329127839688,1.6917766766973072,389.302465707712,1.7731439093707533,27.54479872473848
75.53826992330376,50.31432678292309,4.831688418757001,79.55234389216255,1.468413322130325,424.1463289524134,1.8339263412371245,35.68789479305136
72.08484257008503,3.89789495532437,5.604067141565476,122.17699441115718,1.6147096449530345,388.5279472131441,2.1129684717200243,32.907393418407445
75.2768018889596,37.873168297790784,1.8092301996485087,39.2180897351256,1.3854737762036902,431.2309736132581,1.956016144444292,30.76687252519323
155.6490843311463,70.82893893818526,16.465476104312014,165.6450757670956,2.879368890292804,472.798906911648,2.2056688858150792,31.339398936031586
92.10046180212424,13.366686207749064,8.11423568110235,107.12063196559092,1.2778220828539997,390.21865742182223,2.1574645011293048,28.388618917618142
106.8311366797541,80.47582651459133,23.9417151042971,130.88764481248933,3.0429290186636138,546.1230596949243,2.1356746978667305,33.912477594734625
130.76869914432905,105.91542850873677,30.92547447518056,129.39853970990114,4.136719494967807,507.663363795178,2.6497287448413247,29.615458336713345
89.27944900725049,14.889825679978648,10.243723009588503,95.33302594216389,1.791625458000946,393.5116546762709,2.068332046390525,27.18605506579511
60.31032761799926,32.815686673803086,3.426489745795544,93.38247982058596,1.7143151203561326,414.5752445006018,1.724415327942972,28.502710594969365
74.0808103541302,15.016049338817488,6.614269753055977,98.63852151348588,1.3251170212208458,373.74218401924816,1.8455170017978824,30.668623693507072
72.74377896806833,39.82493550811723,8.091620854328328,101.97057244428272,2.2389196016444743,418.7242228744773,1.8765792912422177,31.37796790545011
94.87009958779228,45.05021088273767,5.169036951630655,65.72830660185649,1.089619861098992,412.9422651690463,1.5216083238096538,33.40820415611824
49.808480148594015,15.340361346243103,10.05753798284696,112.54212612921972,1.599330057006353,390.78117735236015,2.080047171105355,28.604958715387763
125.2367797281276,90.94512239741393,14.190944618192814,98.11492801102057,2.9597122557158664,464.9301728516124,2.405801471107614,33.62874706839828
35.14961220660615,30.628829547612668,3.6993686402758144,92.2074739945057,1.9747684762985809,411.70492441117983,1.917700157252239,31.333744690151583
56.70234444331226,37.2286453075978,5.730990406182229,99.85845087037808,1.6039367868073318,426.73964858952303,2.1384796004776225,30.52913052506872
79.65545019804418,12.962699463541991,9.815924627254098,103.08699522911483,1.4502856891350255,387.8861577018203,2.1493222729204318,28.97673345036121
121.68078418099736,80.45138714528738,22.037292199735543,150.48515396837237,3.743649690506044,524.259987285004,2.739630598442065,31.29939836792893
117.02304969675772,43.74388396828744,21.17171619425149,178.63287229757856,1.960096750927567,533.1634041338832,2.197050977170327,34.14947249295406
141.8193334903884,40.073793003779,22.30027170723222,156.7951605634587,2.448767286578572,472.11288666661534,2.7975251036339666,33.35814106291439
141.5734151505602,58.76600960109343,15.106685833719162,180.18773319008676,2.48263516902507,474.280892154191,2.66479826383508,31.18250483818055
115.77918785170652,83.61231379332207,23.314352150523156,152.2679846835281,3.072491959567597,470.4030303912406,1.992996834979319,32.646355448452994
65.98976402578697,45.042878533842725,5.5819294602748855,69.85982681459889,1.7430496866755785,408.0104860200613,2.156955007837019,30.026900729238587
132.84419544622526,67.24998484748822,26.26933444411874,126.13686157089104,3.905929744763601,494.9592252682742,2.726798815833075,33.173528411157974
114.61295790546484,72.51719867013684,27.90731861741664,140.71020563442934,2.981274128098103,529.1265694395917,2.409901946258728,34.02055262233824
69.0713883860741,49.39439019467583,4.44080342651037,52.752409603409816,1.2565199594818672,400.9099049644203,1.926591566521998,35.11546183853799
56.70344503006787,25.11295115284741,10.50508146205846,80.52451446200035,1.608968558661444,394.174650898213,2.2382171709546954,25.544184920019763
93.42910643767206,88.33341562532259,22.592464229820617,222.1867176855972,3.402050594603809,492.69457494785,3.352265917900449,36.2674020346951
78.40733435505922,53.80674382540856,21.384972602135623,190.72021400238523,3.575902162150307,524.4876334023512,2.8362545330943427,31.95143451418024
44.74084126024398,17.17297084328391,6.203714244322925,79.53503251522996,1.2252874264593754,378.3511420110696,1.4208884600044165,27.744879081565404
84.5889549847048,10.829575719894224,10.799392277944696,109.16624530368236,1.5141679567129736,386.5587726343717,1.9833566259532016,31.44877206909588
61.877130443268456,15.46579389958826,8.350349898618006,75.86809151001106,1.4713666113590012,401.3157845153953,1.678095803383804,25.90807254790292
126.49913402116762,69.13471595653967,28.088746552621046,196.79813107118463,4.55683134508181,532.7530501679825,3.220905457535647,33.87305933562512
77.70065911275226,12.19331001778897,7.341021399564028,141.87149182285162,1.3900790780989247,367.9875652654909,1.60022221862775,28.102088759040043
76.3863300344154,30.682253290068303,2.7888305819720824,97.33892331821174,1.815085455727744,416.7206347762249,1.8349309361277937,28.24343837534197
123.59164918926358,88.91520964870011,20.7832677830187,137.42766282169063,3.027537388744224,527.8633727433495,2.515996500528641,31.661234930692896
79.95083106528897,18.850517832792285,8.056931878424578,82.20522081326362,1.8048606854608131,385.4636115108324,1.685140530288889,24.99819285666904
99.39715469554342,75.6563533064017,18.22441717278446,111.01086990412752,4.523936853241863,477.50689921368127,2.8276308883058,30.0470727167564
148.29229236282217,65.0479056903288,17.158641069622295,170.15488913200886,3.451022945849952,482.0683117308811,2.157288252729717,30.81619460857301
70.11291681131954,20.75133697949148,7.589431961007498,127.96374860638316,1.2893873251615828,384.7642401159342,1.8471626426724308,30.628521795079227
30.360550501625703,28.20891785637152,5.067805447364675,56.191845286510194,2.462987550357308,419.0892413964697,1.7644808010482522,31.311784275575164
95.36058808489102,13.978903160879456,8.703910731870032,124.50010461415948,1.807000015609008,397.604907329205,1.733305234564453,25.454749815514603
109.49083171586211,55.68918318843119,17.92412359418144,116.21285378741813,3.1506545130651524,515.3310270867554,2.704115121527101,32.72417749657704
69.56216207923657,32.04522347845635,6.379158428730886,88.4600981578095,2.0812899333694097,441.6122418316646,1.676502568768321,29.85117235313593
119.57510441447516,73.74126531527563,18.36663376245478,153.74256298991804,4.060811365846574,507.6346833792502,2.3879894724990747,31.999604365808008
71.31811170022354,39.1783911414335,2.8067249839567205,115.87898662773657,1.5601012835460597,405.4057774151685,1.397475616696046,30.19890379382532
139.34545950123373,51.87114213636487,12.943724974151502,145.89609285727977,2.561642783054485,502.8989848041092,2.862398211958116,28.508659123455008
47.43986388037296,10.865677219650856,11.608568906098183,101.77308000772857,0.958870629958402,378.5665271393244,2.2105939389362854,27.770459192172776
57.87363668958693,47.28518643514536,6.275211624462417,85.17539610487843,2.5977656940433547,404.81030219186687,1.9009163628954784,31.25307672667389
61.75202846883423,11.608188769261307,8.728559521563314,71.54760655645005,1.8001005783895725,381.5029670241561,2.161183005708631,26.717731275416973
69.84948199976691,15.593395420338457,8.881039212761833,77.02577197363055,1.7589330742053917,373.72114061044783,1.7328486674986636,34.40687830351969
25.28315881832286,46.48943606259271,8.28079456186608,56.369536766707455,2.7256273284773065,412.6058556839731,2.0109555628553317,29.92795792849112
57.58911954112406,66.04397443552978,21.991104757101468,142.43539602469275,4.412654167902474,504.6107425565661,2.3659156817252005,33.674726132693735
59.11387197450275,19.024605520235504,7.650662119778124,100.6322674833669,1.2673619107719478,374.8830177275034,1.6306919514068197,26.906542658990915
97.72583163675796,13.730241468013825,6.492275772618077,109.5663387869373,1.9499730181212964,372.5722802611896,2.0818877061284504,27.169984684842564
52.44171950183177,14.10701598388644,8.988452164594666,100.73820602519442,1.1454722038518683,396.8943362002192,2.062915796757345,26.0218605050802
62.54098374462581,15.756091719975698,8.189015306094781,73.79372090702371,1.4079898768343977,399.70101094012654,1.8446927310917256,27.902349330736858
57.57354986553724,19.27600983231956,11.167097819553875,104.07150209662476,1.844482822426413,397.4188775038081,1.9235245818358049,34.32341036327253
75.37213265166592,18.535161798053924,12.169425842462031,74.80220761429484,1.3640963969409905,392.3160747416809,2.157281242399163,26.321361144131597
88.09724994693971,15.653369695386989,7.99732600959588,128.1054700797461,2.319452612319113,378.6533467011856,1.8094887764010696,28.96449370766412
40.8479914821867,19.36591570389303,7.21815388095052,106.05332889185064,1.599748113091061,389.87856588861234,1.8589635951949144,29.97644192465169
34.28720974261486,5.122961915446957,7.415821579377984,93.33224975289716,1.6331997924931465,388.0299851822366,2.05990329290217,26.649350756684797
